Data,Luogo,X,Y,Numero_Predati,Specie_Predate,Osservazioni,Long,Lat
2025-07-26 00:00:00,Bedretto,2683620,1153301,6,pecore,Animali protetti adeguatamente Atto di predazione osservato.,8.528484622044811,46.52578630048824
2025-07-23 00:00:00,Vergeletto,2681835,1120169,1,pecore e una capra,Animali non protetti per cause di forza maggiore In attesa di riscontro analisi DNA,8.499386128836667,46.2279912516696
2025-07-23 00:00:00,Mezzovico,2712426,1106757,1,capra,Animali non proteggibili In attesa di riscontro analisi DNA.,8.892605393782175,46.10294766005764
2025-07-23 00:00:00,Blenio,2712206,1159026,1,pecora,Animali non proteggibili In attesa riscontro analisi DNA,8.90237149467127,46.57309506142898
2025-07-21 00:00:00,Fusio,2692328,1143890,5,pecore,Animali non proteggibili In attesa di riscontro analisi DNA,8.640083790828744,46.43999387874526
2025-07-21 00:00:00,Miglieglia,2705542,1097916,3,pecore,Un ulteriore capo segnalato come disperso Animali protetti adeguatamente In attesa di riscontro analisi DNA,8.8016096415162,46.02454283724361
2025-07-15 00:00:00,Medeglia,2725330,1111380,1,capra,3 capi segnalati come dispersi Protezione degli animali in fase di accertamento In attesa di riscontro analisi DNA.,9.060678750893958,46.14225052698223
2025-07-12 00:00:00,Bellinzona,2723083,1116642,2,pecore,Animali non protetti adeguatamente in attesa di riscontro analisi DNA,9.032989799290652,46.189989747698974
2025-07-11 00:00:00,Lavizzara,2688800,1138777,6,pecore,Animali non proteggibili In attesa di riscontro analisi DNA,8.593202557105982,46.39448083618975
2025-07-11 00:00:00,Mezzovico,2712426,1106757,1,capra,7 ulteriori capi segnalati come dispersi Animali non proteggibili In attesa di riscontro analisi DNA,8.892605393782175,46.10294766005764
2025-07-10 00:00:00,Serravalle,2722285,1144082,1,pecora,Animali non protetti adeguatamente In attesa di riscontro analisi DNA,9.029864462975972,46.43692485393248
2025-07-09 00:00:00,Bosco Gurin,2679594,1130160,5,capre,10 ulteriori capi segnalati come dispersi Animali non proteggibili In attesa di riscontro analisi DNA,8.472047158490868,46.31812749871193
2025-07-08 00:00:00,Bellinzona,2722055,1114582,2,pecore,Animali non protetti adeguatamente In attesa di riscontro analisi DNA,9.019139749359438,46.171649721151844
2025-07-07 00:00:00,Blenio,2719010,1162000,2,pecore,Ulteriori 6 capi segnalati come dispersi Animali non proteggibili In attesa di riscontro analisi DNA,8.991875546488956,46.59866619839089
2025-07-07 00:00:00,Blenio,2715851,1163927,3,pecore,Ulteriori 9 capi segnalati come dispersi Animali non protetti adeguatamente In attesa di riscontro analisi DNA,8.951141557418996,46.616552529788024
2025-07-06 00:00:00,Mezzovico,2712000,1426000,1,capra,Animali non proteggibili In attesa di riscontro analisi DNA,8.9675576035762,48.97339881055286
2025-07-05 00:00:00,Roseto,2684979,1136991,1,pecora,Un ulteriore capo segnalato come disperso Animali non protetti adeguatamente DNA non prelevabile,8.543202474329858,46.37891108423953
2025-07-04 00:00:00,Mezzovico,2712426,1106757,2,capre,Animali non protetti adeguatamente In attesa di riscontro analisi DNA,8.892605393782175,46.10294766005764
2025-07-04 00:00:00,Bedretto,2681700,1150665,1,pecora,Animali non protetti adeguatamente In attesa di riscontro analisi DNA.,8.502997814886195,46.5023131787528
2025-07-04 00:00:00,Monteceneri,2724524,1112065,5,capre,Ulteriori 2 capi segnalati come dispersi Animali non proteggibili In attesa di riscontro analisi DNA,9.050432476798365,46.14856062769358
2025-07-04 00:00:00,Breggia,2723813,1081387,1,agnello,Animali non protetti adeguatamente In attesa di analisi DNA,9.033161641041913,45.8727859730575
2025-07-03 00:00:00,Fusio,2696028,1144709,9,capre,Ulteriori 12 capi segnalati come dispersi Animali non proteggibili In attesa di riscontro analisi DNA,8.688392810855492,46.44684052284838
2025-07-02 11:00:00,Scudellate,2724194,1086900,1,pecora,Animali non protetti adeguatamente In attesa di riscontro analisi DNA,9.039515764386008,45.92229725265911
2025-07-02 00:00:00,Semione,2716529,1139608,4,pecore,Ulteriori 4 capi segnalati come dispersi Animali non protetti adeguatamente In attesa di riscontro analisi DNA,8.953859743945525,46.39771132167057
2025-06-16 00:00:00,Lavertezzo,2709689,1130553,1,pecora,Due animali segnalati come dispersi Animali non proteggibili Le analisi del DNA non hanno riscontrato il coinvolgimento di un grande predatore.,8.862802708371428,46.3174226685693
2025-06-12 00:00:00,Mezzovico,2714010,1105509,1,pecora in avanzato stato di decomposizione,Animali non protetti adeguatamente Le analisi del DNA non hanno riscontrato il coinvolgimento di un grande predatore.,8.912782592749437,46.091457265393046
2025-06-06 00:00:00,Cevio,2682207,1144277,1,capra ferita,Quattro ulteriori capi segnalati come dispersi Le analisi del DNA hanno riscontrato il coinvolgimento di un lupo.,8.508467499693582,46.44479245273627
2025-06-02 00:00:00,Cevio,2682881,1141925,7,capre,Animali non proteggibili Le analisi genetiche hanno riscontrato il coinvolgimento di un lupo.,8.51681717816128,46.4235537324864
2025-06-02 00:00:00,Alto Malcantone,2712184,1100379,1,cavallo con leggere ferite e escoriazioni,Le analisi genetiche non hanno riscontrato il coinvolgimento di un grande predatore.,8.887952710453598,46.04562428935716
2025-05-29 00:00:00,Olivone,2713107,1155672,11,pecore,Ulteriori 14 capi segnalati come dispersi Animali non proteggibili Le analisi genetiche hanno riscontrato il coinvolgimento di un lupo.,8.913300034231884,46.54277736587228
2025-05-24 00:00:00,Medeglia,2724811,1112073,1,capra,Un ulteriore capo segnalato come disperso Animali non proteggibili Le analisi genetiche hanno riscontrato il coinvolgimento di un lupo.,9.054148374442136,46.148579473671504
2025-05-20 00:00:00,Alto Malcantone,2712875,1100460,10,pecore,Animali protetti adeguatamente Le analisi genetiche hanno riscontrato il coinvolgimento di un lupo.,8.896897153300639,46.04623761363472
2025-05-19 00:00:00,Malvaglia,2722192,1141529,3,pecore,7 ulteriori animali segnalati come dispersi Animali non proteggibili Le analisi genetiche hanno riscontrato il coinvolgimento di un lupo.,9.027981705618897,46.413980659988475
2025-05-13 00:00:00,Bellinzona,2722717,1115334,5,pecore,Animali non protetti adeguatamente Le analisi genetiche hanno riscontrato il coinvolgimento di un lupo.,9.027906936008323,46.178292725449296
2025-05-12 00:00:00,Cademario,2712632,1098646,2,capre ferite,Animali non protetti adeguatamente Le analisi genetiche hanno riscontrato il coinvolgimento di un lupo.,8.893323989762795,46.02996317550168
2025-05-11 00:00:00,Acquarossa,2713864,1147688,2,pecore,Un'ulteriore pecora segnalata come dispersa Animali protetti adeguatamente Le analisi genetiche hanno riscontrato il coinvolgimento di un lupo.,8.92120043725736,46.47084079812334
2025-05-10 00:00:00,Malvaglia,2722192,1141529,1,pecora e un agnello,Animali non proteggibili Le analisi genetiche hanno riscontrato il coinvolgimento di un lupo.,9.027981705618897,46.413980659988475
2025-05-07 00:00:00,Pianezzo,2723233,1115125,3,pecore,Un'ulteriore pecora segnalata come dispersa Animali non protetti adeguatamente Le analisi genetiche hanno riscontrato il coinvolgimento di un lupo.,9.03453257176742,46.17631880504057
2025-04-24 00:00:00,Lodrino,2719016,1127848,2,agnellini,Un terzo agnellino segnalato come disperso Animali non protetti adeguatamente Le analisi genetiche non hanno riscontrato il coinvolgimento di un grande predatore.,8.98317956284576,46.291506421410624
2025-04-21 00:00:00,Roncapiano,2723010,1087014,1,agnelli,Tre ulteriori agnelli segnalati come dispersi Animali non protetti adeguatamente Le analisi genetiche hanno riscontrato il coinvolgimento di un lupo.,9.02428779697748,45.923538829885516
2025-04-20 00:00:00,Cademario,2712439,1097948,1,agnello,Animali non protetti adeguatamente Le analisi genetiche hanno riscontrato il coinvolgimento di un lupo.,8.890665059052553,46.023717565770596
2025-04-12 00:00:00,Rancate,2718447,1081705,1,pecora,Tre agnelli segnalati come dispersi Animali non protetti adeguatamente Le analisi genetiche hanno riscontrato il coinvolgimento di un lupo.,8.96415354562418,45.87660582643917
2025-04-07 00:00:00,Novaggio,2708919,1097891,1,montone,Animali non protetti adeguatamente Le analisi genetiche hanno riscontrato il coinvolgimento un lupo.,8.8452050452952,46.02378178948437
2025-03-23 00:00:00,Cademario,2712632,1098546,2,capre,Animali non protetti adeguatamente Le analisi genetiche hanno riscontrato il coinvolgimento di un lupo.,8.893300043284587,46.02906378118898
2025-02-26 00:00:00,Cademario,2712162,1097108,1,pecora,Animali non protetti adeguatamente Le analisi genetiche non hanno riscontrato il coinvolgimento di un grande predatore.,8.88688849781357,46.01620871193179
2025-02-20 00:00:00,Rivera,2714615,1108452,8,pecore,Animali non protetti adeguatamente Le analisi genetiche hanno riscontrato il coinvolgimento di un lupo.,8.921322446663075,46.117823913074645
2025-02-17 00:00:00,Torricella,2714581,1102320,2,pecore,Animali non protetti adeguatamente Le analisi genetiche hanno riscontrato il coinvolgimento di un lupo.,8.919385597579858,46.062678873370125
2025-02-14 12:00:00,Avegno-Gordevio,2700916,1117271,2,pecore,Animali non protetti adeguatamente Le analisi genetiche hanno riscontrato il coinvolgimento di un lupo.,8.746045975462454,46.19933466773598
2025-01-24 00:00:00,Isone,2718703,1109413,2,pecore,Animali non protetti adeguatamente Le analisi genetiche hanno riscontrato il coinvolgimento di un lupo,8.974435556612566,46.12575960613445
2025-01-22 00:00:00,Cademario,2712668,1098698,1,vitellino appena nato ferito,Le analisi genetiche non hanno riscontrato il coinvolgimento di un grande predatore,8.893801291134697,46.03042485480235
2025-01-19 00:00:00,Tresa,2705824,1095808,1,pecora,Animali non protetti adeguatamente DNA non raccoglibile causa avanzato stato di decomposizione,8.804776624466719,46.005539126670136
2025-01-03 00:00:00,Astano,2706505,1096131,1,pecora,Un capo segnalato come disperso Animali non protetti adeguatamente Le analisi genetiche hanno confermato il coinvolgimento di un lupo,8.813639246543792,46.00833719924634
2024-12-31 00:00:00,Rivera,2714000,1108000,1,pecora,Animali non protetti adeguatamente Le analisi genetiche hanno riscontrato il coinvolgimento di un lupo,8.913258688075414,46.113862913030054
2024-12-13 00:00:00,Iragna,2716000,1130000,1,capra,Animali non protetti adeguatamente Le analisi genetiche hanno riscontrato il coinvolgimento di un lupo,8.944584996941993,46.31138882799312
2024-12-03 00:00:00,Mezzovico,2714000,1106000,1,capra,Animali non protetti adeguatamente Le analisi genetiche non hanno riscontrato il coinvolgimento di un grande predatore,8.912772608147826,46.09587498764416
2024-12-01 00:00:00,Villa Luganese,2720000,1101000,1,pecore e una capra,Le analisi genetiche hanno riscontrato il coinvolgimento di un lupo,8.989060896993673,46.049865273414504
2024-11-19 08:00:00,Brissago,2696000,1107000,1,pecora,Animali non protetti adeguatamente -Le analisi genetiche hanno riscontrato il coinvolgimento di un lupo,8.680262762399675,46.107671649473986
2024-11-09 00:00:00,Vezio,2711000,1001009,3,pecore,Un capo segnalato come disperso Animali non proteggibili Le analisi genetiche hanno riscontrato il coinvolgimento di un lupo.,8.849569586476354,45.152158609708145
2024-11-08 00:00:00,Acquarossa,2711000,1148000,2,pecore,Animali non protetti adeguatamente Le analisi genetiche hanno riscontrato il coinvolgimento di un lupo.,8.88399322932781,46.474127663750494
2024-11-03 00:00:00,Seseglio,2721000,1076000,1,vitellino,Animali protetti adeguatamente Le analisi genetiche non hanno riscontrato il coinvolgimento di un grande predatore.,8.995567459381459,45.82484642947891
2024-11-03 00:00:00,Fescoggia,2711000,1100000,1,capra,Animali non proteggibili In attesa di riscontro analisi DNA,8.872570528101,46.042411284964416
2024-11-01 00:00:00,Faido,2707000,1147000,2,pecore,Animali non protetti adeguatamente Le analisi genetiche hanno riscontrato il coinvolgimento di un lupo,8.831688381486867,46.46578436823785
2024-10-31 00:00:00,Fusio,2696000,1146000,1,capra,Animali non proteggibili Le analisi genetiche hanno riscontrato il coinvolgimento di un lupo,8.688296044974207,46.458456417913595
2024-10-29 00:00:00,Gordevio,2701000,1121000,1,capra,Animali non proteggibili Le analisi genetiche non hanno riscontrato il coinvolgimento di un grande predatore.,8.747940175971324,46.23286202813548
2024-10-27 00:00:00,Fescoggia,2711000,1100000,1,capra,Animali non proteggibili Le analisi genetiche hanno riscontrato il coinvolgimento di un lupo,8.872570528101,46.042411284964416
2024-10-26 00:00:00,Campo Vallemaggia,2684000,1126000,1,capra ferita,Diversi capi segnalati come dispersi Le analisi genetiche hanno riscontrato il coinvolgimento di un lupo,8.52849492890155,46.280172891131286
2024-10-19 00:00:00,Valcolla,2726000,1104000,1,capra,Animali non protetti adeguatamente In attesa riscontro analisi DNA,9.067364649616316,46.075752681395244
2024-10-12 00:00:00,Blenio,2715000,1160000,1,pecora,Animali protetti adeguatamente Lupo osservato durante la predazione.,8.939053574803857,46.58138042921835
2024-10-09 00:00:00,Valcolla,2723000,1104000,1,vitellino,Animali protetti adeguatamente Le analisi genetiche non hanno riscontrato il coinvolgimento di grande predatore.,9.028596337027581,46.07630629440653
2024-10-07 11:20:00,Capriasca,2719000,1104000,1,vitello,Animali non proteggibili -Le analisi genetiche non hanno riscontrato il coinvolgimento di grande predatore.,8.976904056949742,46.0770236926282
2024-10-07 11:20:00,Capriasca,2719000,1104000,1,vitello,Animali non proteggibili -Le analisi genetiche non hanno riscontrato il coinvolgimento di grande predatore.,8.976904056949742,46.0770236926282
2024-10-03 00:00:00,Gordevio,2703000,1122000,1,capra,Un capo segnalato come disperso Animali non proteggibili Le analisi genetiche hanno confermato il coinvolgimento di un grande predatore,8.774082527486579,46.24155313840227
2024-10-01 00:00:00,Novazzano,2714000,1107000,1,asinello,Le analisi genetiche non hanno riscontrato il coinvolgimento di un grande predatore.,8.913015608323796,46.10486894740946
2024-09-18 00:00:00,Chironico,2702000,1141000,1,vitello,Animali non protetti adeguatamente Le analisi genetiche non hanno riscontrato il coinvolgimento di un grande predatore.,8.765284658201159,46.41259821020533
2024-09-08 00:00:00,Monte Carasso,2716000,1120000,4,pecore,Animali non proteggibili Le analisi genetiche hanno riscontrato il coinvolgimento di un lupo.,8.942097316009955,46.221449074250344
2024-09-04 00:00:00,Valcolla,2726000,1103000,1,capra,Le analisi genetiche non hanno riscontrato il coinvolgimento di un grande predatore.,9.067096341864515,46.06675908865448
2024-08-30 00:00:00,Gordevio,2702000,1123000,1,capra ferita,Due animali segnalati come dispersi Animali non proteggibili In attesa di riscontro analisi DNA,8.761338130681182,46.250699851104464
2024-08-29 00:00:00,Gordevio,2703000,1121000,1,capra,Animali non proteggibili In attesa di riscontro analisi DNA,8.77386189037773,46.23255882377604
2024-08-20 00:00:00,Fusio,2295000,1143000,3,capre,Animali non proteggibili Le analisi genetiche hanno riscontrato il coinvolgimento di un lupo.,3.473398045025642,46.36892340941187
2024-08-20 00:00:00,Bedretto,2682000,1152000,1,pecora,Animali non protetti per cause di forza maggiore Le analisi genetiche hanno riscontrato il coinvolgimento di un lupo.,8.507142426065572,46.514284533548484
2024-08-19 00:00:00,Bosco Gurin,2679000,1130000,3,capre,Animali non proteggibili Le analisi genetiche hanno riscontrato il coinvolgimento di un lupo.,8.464308722277014,46.316758424829025
2024-08-19 00:00:00,Pura,2710000,1094000,2,pecore,Animali non protetti adeguatamente Le analisi genetiche non hanno riscontrato in modo inequivocabile il coinvolgimento di un grande predatore.,8.858252637067316,45.9886109568613
2024-08-17 00:00:00,Monteceneri,2712000,1108000,1,capra,Animali non protetti per cause di forza maggiore Le analisi genetiche hanno riscontrato il coinvolgimento di un lupo.,8.887394195663019,46.11419811212407
2024-08-13 00:00:00,Bedretto,2676000,1149000,11,pecore,Animali non proteggibili Le analisi genetiche hanno riscontrato il coinvolgimento di un lupo.,8.428474870306886,46.48800785225829
2024-08-08 00:00:00,Blenio,2714000,1160000,6,pecore,Animali protetti adeguatamente Le analisi genetiche hanno riscontro il coinvolgimento di un grande predatore,8.926009619058958,46.58155170792154
2024-08-03 00:00:00,Fusio,2696000,1145000,1,capra,Un capo segnalato come disperso Animali non proteggibili Le analisi genetiche hanno riscontrato il coinvolgimento di un lupo,8.688088771332843,46.449461930390285
2024-08-03 00:00:00,Sagno,2724000,1079000,1,pecora,Animali non protetti adeguatamente Le analisi genetiche non hanno riscontrato il coinvolgimento di un grande predatore,9.034943724380767,45.85128441222654
2024-07-29 00:00:00,Bedretto,2676000,1149000,11,pecore,Un numero imprecisato di animali segnalati come dispersi Animali non proteggibili Le analisi genetiche hanno riscontrato il coinvolgimento di un lupo,8.428474870306886,46.48800785225829
2024-07-24 00:00:00,Gordevio,2702000,1123000,1,capra,Un animale segnalato come disperso Animali non proteggibili Le analisi genetiche hanno riscontrato il coinvolgimento di un lupo,8.761338130681182,46.250699851104464
2024-07-23 00:00:00,Gordevio,2702000,1123000,1,capra ferita,Un animale segnalato come disperso Animali non proteggibili Le analisi genetiche hanno riscontrato il coinvolgimento di un lupo,8.761338130681182,46.250699851104464
2024-07-22 00:00:00,Gordevio,2703000,1120000,1,capra ferita,Animali non proteggibili Le analisi genetiche hanno riscontrato il coinvolgimento di un lupo,8.773641325744162,46.22356451200398
2024-07-21 00:00:00,Faido,2704000,1151000,1,capra,Animali protetti adeguatamente Le analisi genetiche non hanno riscontrato il coinvolgimento di un grande predatore,8.793538037844232,46.502233919115184
2024-07-18 00:00:00,Vergeletto,2682000,1120000,1,capra ferita,Un animale segnalato come disperso Animali non proteggibili Le analisi genetiche hanno riscontrato il coinvolgimento di un lupo,8.501494921138713,46.22645104893529
2024-07-18 00:00:00,Gordevio,2703000,1120000,1,capra,Un animale segnalato come disperso Animali non proteggibili Le analisi genetiche hanno riscontrato il coinvolgimento di un lupo,8.773641325744162,46.22356451200398
2024-07-17 00:00:00,Capriasca,2276000,1104000,1,capra ferita,Due animali segnalati come dispersi Animali non proteggibili -Le analisi genetiche hanno riscontrato il coinvolgimento di un lupo,3.253872928907291,46.0096854114345
2024-07-15 00:00:00,Faido,2701000,1140000,2,pecore,Numero imprecisato di animali segnalati come dispersi Animali non protetti adeguatamente Le analisi genetiche hanno riscontrato il coinvolgimento di un lupo,8.752063075365495,46.40375518745294
2024-07-12 00:00:00,Camorino,2720000,1113000,1,pecora,Animali non protetti adeguatamente Le analisi genetiche non hanno riscontrato il coinvolgimento di un grande predatore.,8.992130841840007,46.15779077131684
2024-07-11 00:00:00,Monteceneri,2723000,1111000,4,pecore,Sette capi segnalati come dispersi Animali non proteggibili In attesa di riscontro analisi DNA,9.030432192704952,46.139262243433905
2024-07-10 00:00:00,Faido,2702000,1141000,1,pecora,Animali non protetti adeguatamente Le analisi genetiche hanno riscontrato il coinvolgimento di un lupo,8.765284658201159,46.41259821020533
2024-07-08 00:00:00,Isone,2724000,1111000,1,capra ferita,Due capi segnalati come dispersi Animali non proteggibili -Le analisi genetiche non hanno riscontrato il coinvolgimento di un lupo.,9.043369970401049,46.13907897877973
2024-06-29 00:00:00,Monteceneri,2712000,1107000,1,capra,Due capi segnalati come dispersi Animali non protetti per cause di forza maggiore Le analisi genetiche non hanno riscontrato il coinvolgimento di un grande predatore.,8.887155379805742,46.1052040917933
2024-06-29 00:00:00,Gordevio,2703000,1120000,1,capretto,Animali non proteggibili Le analisi genetiche hanno riscontrato il coinvolgimento di un lupo,8.773641325744162,46.22356451200398
2024-06-27 00:00:00,Campo Vallemaggia,2680000,1123000,2,capre,Animali non proteggibili Le analisi genetiche hanno riscontrato il coinvolgimento di un lupo.,8.47608885755174,46.25367624081264
2024-06-18 00:00:00,Isone,2721000,1109000,1,pecora,Un agnello segnalato come disperso Animali protetti adeguatamente Le analisi genetiche hanno riscontrato il coinvolgimento di un lupo.,9.004039953278069,46.12163676072128
2024-06-16 00:00:00,Sonvico,2721000,1103000,1,capra,Animali protetti adeguatamente Le analisi genetiche non hanno riscontrato il coinvolgimento di un grande predatore,9.002492701213958,46.067674216193275
2024-06-14 00:00:00,Capriasca,2724000,1107000,2,capre,Animali non protetti per cause di forza maggiore Le analisi genetiche hanno riscontrato il coinvolgimento di un lupo.,9.04231186479961,46.103104236223515
2024-06-14 00:00:00,Bosco Gurin,2679000,1131000,5,pecore,dieci capi segnalati come dispersi Animali non proteggibili Le analisi genetiche hanno riscontrato il coinvolgimento di un lupo.,8.46447843774132,46.32575328788162
2024-06-12 00:00:00,Gordevio,2703000,1120000,1,capra,Animali non proteggibili Le analisi genetiche hanno riscontrato il coinvolgimento di un lupo,8.773641325744162,46.22356451200398
2024-06-11 00:00:00,Brione Verzasca,2700000,1130000,2,pecore,Un agnello segnalato come disperso Animali non proteggibili Le analisi genetiche hanno riscontrato il coinvolgimento di un lupo.,8.736909643113615,46.31396097530826
2024-06-09 00:00:00,Gordevio,2703000,1120000,3,capre,Un capretto segnalato come disperso Animali non proteggibili Le analisi genetiche hanno riscontrato il coinvolgimento di un lupo.,8.773641325744162,46.22356451200398
2024-05-22 00:00:00,Pollegio,2715000,1135000,1,lupo investito in autostrada,"Come da prassi, l'animale è stato trasportato al FIWI di Berna per le analisi del caso.",8.932842039393368,46.356530813357075
2024-05-14 00:00:00,Brione Verzasca,2701000,1129000,1,agnello,Una pecora segnalata come dispersa Animali non proteggibili In attesa di riscontro analisi DNA,8.749672990552664,46.30481700384177
2024-05-13 00:00:00,Carena,2279000,1112000,1,lupo,"Come da prassi, l'animale è stato trasportato al FIWI di Berna per le analisi del caso.",3.2870828460753283,46.08298294367452
2024-05-07 00:00:00,Breggia,2724000,1086000,1,pecora,Due capi segnalati come dispersi Animali non protetti adeguatamente Le analisi genetiche non hanno riscontrato il coinvolgimento di un grande predatore,9.036779456633466,45.9142386791825
2024-05-05 00:00:00,Breggia,2722000,1087000,2,agnelli,Animali non protetti adeguatamente Le analisi genetiche hanno riscontrato il coinvolgimento di un lupo.,9.01126843209569,45.923595809362745
2024-05-03 00:00:00,Monteggio,2705000,1095000,2,pecore,Animali non protetti adeguatamente Le analisi genetiche non hanno riscontrato il coinvolgimento di un grande predatore,8.793961169059417,45.99840045003011
2024-05-02 00:00:00,Breggia,2722000,1087000,2,agnelli,Due ulteriori agnelli segnalati come dispersi Animali non protetti adeguatamente Le analisi genetiche non hanno riscontrato il coinvolgimento di un grande predatore.,9.01126843209569,45.923595809362745
2024-04-27 00:00:00,Monteggio,2705000,1095000,2,pecore,Tre capi segnalati come dispersi Animali non protetti adeguatamente Le analisi genetiche hanno riscontrato il coinvolgimento di un lupo.,8.793961169059417,45.99840045003011
2024-04-21 00:00:00,Minusio,2270000,1116000,1,capra,Animali non protetti adeguatamente Le analisi genetiche hanno riscontrato il coinvolgimento di un lupo.,3.1680943514594513,46.114567943815
2024-04-18 00:00:00,Breggia,2724000,1083000,1,vitello di yak di pochi giorni,Animali protetti adeguatamente Le analisi genetiche non hanno riscontrato il coinvolgimento di un grande predatore,9.035992202041237,45.88725821219021
2024-04-16 00:00:00,Breggia,2723000,1085000,1,agnello ferito,Due capi segnalati come dispersi Animali non protetti adeguatamente Le analisi genetiche hanno riscontrato il coinvolgimento di un lupo,9.023634421665685,45.90542766925429
2024-04-14 00:00:00,Mergoscia,2708000,1118000,1,pecora ferita,Un capo segnalato come disperso Animali non protetti adeguatamente Le analisi genetiche hanno riscontrato il coinvolgimento di un lupo,8.837971309019881,46.20479225318449
2024-04-05 00:00:00,Savosa,2716000,1097000,1,daino,Animali non protetti adeguatamente Le analisi genetiche non hanno riscontrato il coinvolgimento di un grane predatore.,8.936406529702866,46.01458912833312
2024-04-04 00:00:00,Savosa,2716000,1097000,1,daino,Animali non protetti adeguatamente Le analisi genetiche non hanno riscontrato il coinvolgimento di un grande predatore.,8.936406529702866,46.01458912833312
2024-04-02 00:00:00,Breggia,2723000,1085000,1,agnello,Due capi segnalati come dispersi Animali non protetti adeguatamente Le analisi genetiche hanno riscontrato il coinvolgimento di un lupo.,9.023634421665685,45.90542766925429
2024-03-22 00:00:00,Savosa,2716000,1097000,4,daini,Animali non protetti adeguatamente Le analisi genetiche non hanno riscontrato il coinvolgimento di un grane predatore.,8.936406529702866,46.01458912833312
2024-03-21 00:00:00,Lodrino,2719000,1127000,1,agnello,Animali protetti adeguatamente Le analisi genetiche non hanno riscontrato il coinvolgimento di un grande predatore.,8.982755393277419,46.28388243246078
2024-03-08 00:00:00,Sobrio,2712000,1139000,1,vitello,Le analisi genetiche hanno riscontrato il coinvolgimento di un canide.,8.894836507867424,46.39301444882003
2024-02-18 00:00:00,Breggia,2723000,1085000,1,agnello,"4 agnelli dispersi Animali non protetti adeguatamente Riscontro DNA: ""lupo"".",9.023634421665685,45.90542766925429
2024-02-16 00:00:00,Avegno Gordevio,2702000,1120000,3,capre,"Animali non protetti adeguatamente Riscontro DNA: ""lupo"".",8.760682645928553,46.223716832664124
2024-01-16 00:00:00,Breggia,2726000,1083000,1,pecora,"Un animale segnalato come disperso Animali non protetti adeguatamente Riscontro DNA: ""non interpretabile"".",9.06174854710604,45.88688891962655
2024-01-04 00:00:00,Novaggio,2708000,1097000,2,daini,"Animali non protetti adeguatamente Riscontro DNA: ""volpe"".",8.8331352542312,46.015915674552836
2023-12-24 00:00:00,Acquarossa,2714000,1145000,1,capra,"Animali protetti adeguatamente Riscontro DNA: ""lupo"".",8.922308995251825,46.44664173595074
2023-12-21 00:00:00,Faido,2706000,1142000,1,capra,"Animali non protetti adeguatamente Riscontro DNA: ""lupo""..",8.817527977955455,46.42097212604128
2023-12-03 00:00:00,Maggia,2697000,1122000,1,alpaca,"Animali non protetti adeguatamente Riscontro DNA: ""volpe"".",8.696303683237513,46.24244505548802
2023-11-30 00:00:00,Cerentino,2685000,1129000,1,capra,"Animali non proteggibili Riscontro DNA: ""non interpretabile"".",8.542014949221555,46.30703142539452
2023-11-26 00:00:00,Comano,2717000,1099000,1,vitello,"Animali protetti adeguatamente Riscontro DNA: ""volpe"".",8.949812486665396,46.03240428132326
2023-11-21 00:00:00,Torricella,2714000,1103000,1,capra,"Sei animali segnalati come dispersi Animali non proteggibili Riscontro DNA: ""lupo"".",8.912044084623583,46.06889314569266
2023-11-20 00:00:00,Rivera,2714000,1108000,2,pecore,"Animali non protetti adeguatamente Riscontro DNA: ""lupo"".",8.913258688075414,46.113862913030054
2023-11-17 00:00:00,Isone,2719000,1109000,3,pecore,"Animali non protetti adeguatamente Riscontro DNA: ""lupo"".",8.9781723353327,46.12199278552717
2023-11-12 00:00:00,Mezzovico,2713000,1105000,5,capre,"Tre capi segnalati come dispersi Animali non proteggibili Riscontro DNA: ""lupo"".",8.89960387444041,46.08704929283227
2023-11-06 00:00:00,Malcantone,2710000,1102000,5,capre,"tre capi segnalati come dispersi Animali non proteggibili Riscontro DNA: ""lupo"".",8.860123230553205,46.06056302565107
2023-10-18 00:00:00,Novazzano,2719000,1078000,1,agnello,"Animali non protetti adeguatamente Riscontro DNA: ""volpe"".",8.970342294937392,45.84318764217615
2023-09-29 00:00:00,Tremona,2717000,1082000,1,asino,"Riscontro DNA: ""volpe"".",8.945594893523408,45.87951053256489
2023-09-25 00:00:00,Airolo,2685000,1153000,1,pecora,"Animali non protetti adeguatamente Riscontro DNA: ""lupo"".",8.546412840602187,46.522905063484046
2023-09-23 00:00:00,Airolo,2682000,1153000,1,pecore,"Animali protetti in modo adeguato Riscontro DNA: ""lupo"".",8.507319873906983,46.523279304231195
2023-09-19 00:00:00,Blenio,2713000,1160000,1,pecora,"Animali protetti in modo adeguato Riscontro DNA: ""Canis spp."".",8.91296558130262,46.58172149048529
2023-09-17 00:00:00,Malcantone,2711000,1101000,1,mucca ferita,"Riscontro DNA: ""non interpretabile"".",8.872806670481227,46.051405286467435
2023-09-17 00:00:00,Rivera,2712000,1106000,1,capra,"Animali non proteggibili Riscontro DNA: ""lupo"".",8.886916642129245,46.09621007733582
2023-09-14 00:00:00,Valcolla,2718000,1106000,4,capre,"Animali non proteggibili Riscontro DNA: ""lupo"".",8.964483580240861,46.09518701287689
2023-09-14 00:00:00,Malcantone,2712000,1102000,1,capra,"Animali non proteggibili Riscontro DNA: ""volpe"".",8.885962472346568,46.060234082662696
2023-09-09 00:00:00,Mendrisio,2722000,1084000,1,capra,"Animali non protetti adeguatamente Riscontro DNA: ""lupo"".",9.010493618479932,45.89661513311539
2023-09-06 00:00:00,Blenio,2719000,1151000,2,capre,"Animali non proteggibili Riscontro DNA: ""lupo"".",8.988908526950508,46.49973577014696
2023-09-04 00:00:00,Capriasca,2720000,1105000,1,capre ferite di cui una,"Due capi segnalati come dispersi Animali non proteggibili Riscontro DNA: ""lupo""",8.990082872295481,46.0858403442264
2023-09-04 00:00:00,Capriasca,2718000,1106000,1,capra,"Tre capi segnalati come dispersi Animali non proteggibili Riscontro DNA: ""cane"".",8.964483580240861,46.09518701287689
2023-08-29 00:00:00,Gordevio,2691000,1138000,1,manzetta,"Richiesta autopsia Riscontro DNA: ""non interpretabile"".",8.621649967497296,46.387197219926264
2023-08-28 00:00:00,Valcolla,2726000,1104000,1,,"Animali non protetti adeguatamente Riscontro DNA: ""lupo"".",9.067364649616316,46.075752681395244
2023-08-26 00:00:00,Blenio (Bandita federale di caccia),2713000,1162000,1,pecora,Animali protetti adeguatamente I dati a disposizione hanno confermato la presenza del branco grigionese.,8.913456048921047,46.59970945924204
2023-08-24 00:00:00,Blenio (Bandita federale di caccia),2714000,1163000,1,pecore,Animali protetti adeguatamente I dati a disposizione hanno confermato la presenza del branco grigionese.,8.926751953079242,46.60853356780909
2023-08-22 00:00:00,Blenio (Bandita federale di caccia),2714000,1163000,1,pecora,Animali protetti adeguatamente I dati a disposizione hanno confermato la presenza del branco grigionese.,8.926751953079242,46.60853356780909
2023-08-21 00:00:00,Mergoscia,2707000,1118000,1,pecora,"Animali non protetti adeguatamente Riscontro DNA: ""ungulato"".",8.825017278880102,46.20495195414035
2023-08-21 00:00:00,Blenio (Bandita federale di caccia),2714000,1163000,3,pecore,Animali protetti adeguatamente I dati a disposizione hanno confermato la presenza del branco grigionese.,8.926751953079242,46.60853356780909
2023-08-21 00:00:00,Vallemaggia,2679000,1124000,5,capre,"Due capi segnalati come dispersi Animali non proteggibili Riscontro DNA: ""lupo"".",8.463291601709559,46.26278927608147
2023-08-18 00:00:00,Blenio (Bandita federale di caccia),2714000,1162000,12,pecore,"Animali protetti adeguatamente A seguito di recenti eventi avvenuti nella zona della Bandita federale di caccia della Greina e dell’ ordine di regolazione di un branco limitrofo emanato dal Canton Grigioni e autorizzato dall’Ufficio federale dell’ambiente, sono stati svolti accertamenti atti a comprendere se gli eventi avvenuti in Bandita su suolo ticinese siano riconducibili a suddetto branco o a individui singoli. I dati a disposizione hanno confermato la presenza del branco grigionese in prossimità delle pecore predate su suolo ticinese.",8.9265044263163,46.59953962074804
2023-08-13 00:00:00,Capriasca,2720000,1105000,1,capra ferita,"Riscontro DNA: ""ungulato"".",8.990082872295481,46.0858403442264
2023-08-13 00:00:00,Bosco Gurin,2678000,1131000,1,pecora,"Animali non proteggibili Riscontro DNA: ""lupo"".",8.451494625604116,46.32587013738512
2023-08-08 00:00:00,Bosco Gurin,2678000,1130000,2,pecore,"Animali non proteggibili Riscontro DNA: ""lupo"".",8.451327059566406,46.31687525518812
2023-08-07 00:00:00,Corippo,2708000,1121000,1,atto di predazione da parte del lupo ai danni di un agnello,Animali non protetti adeguatamente,8.838664895767742,46.231774794447745
2023-08-07 00:00:00,Ambrì,2696000,1150000,1,,"Animali non protetti adeguatamente Riscontro DNA: ""Canis spp."".",8.689125825121785,46.49443433962552
2023-08-04 00:00:00,Breno,2710000,1098000,1,pecora,"Animali non protetti adeguatamente Riscontro DNA: ""volpe"".",8.859187322643626,46.02458692820454
2023-08-04 00:00:00,Blenio (Bandita federale di caccia),2717000,1163000,9,pecore,"Alcuni animali dispersi Animali non proteggibili Riscontro DNA: ""lupo"".",8.965903102167783,46.6080149871917
2023-07-31 00:00:00,Bosco Gurin,2678000,1131000,1,pecora,"Animali non proteggibili Riscontro DNA: ""Canis spp."".",8.451494625604116,46.32587013738512
2023-07-31 00:00:00,Capriasca,2720000,1105000,1,capra,"Riscontro DNA: ""Lupo""",8.990082872295481,46.0858403442264
2023-07-31 00:00:00,Medeglia,2624000,1112000,1,capra,"Animali non proteggibili Riscontro DNA: ""Lupo""",7.749330511691964,46.15905264682832
2023-07-31 00:00:00,Malvaglia,2726000,1146000,6,pecore,"Animali non proteggibili Riscontro DNA: ""volpe"".",9.078713469912314,46.45348662978455
2023-07-30 00:00:00,Valcolla,2726000,1104000,1,carcassa di capra in avanzato stato di decomposizione,Quattro animali segnalati dispersi Animali non protetti adeguatamente DNA non raccoglibile.,9.067364649616316,46.075752681395244
2023-07-29 00:00:00,Capriasca,2719000,1104000,1,pecora,"Animali non protetti adeguatamente Riscontro DNA: ""non interpretabile"".",8.976904056949742,46.0770236926282
2023-07-28 00:00:00,Blenio (Bandita federale di caccia),2716000,1163000,4,pecore,"Animali non protetti adeguatamente Riscontro DNA: ""lupo"".",8.952852802490352,46.60818934424557
2023-07-26 00:00:00,Malvaglia,2721000,1145000,1,pecora,"Animali non proteggibili Riscontro DNA: ""Canis spp.""",9.013387751748594,46.44541439836286
2023-07-25 00:00:00,Bosco Gurin,2678000,1130000,1,lama,,8.451327059566406,46.31687525518812
2023-07-23 00:00:00,Breno,2710000,1098000,1,pecora,"Animali non protetti adeguatamente Riscontro DNA: ""volpe"".",8.859187322643626,46.02458692820454
2023-07-20 00:00:00,Capriasca,2720000,1105000,1,pecora,"Animali non protetti adeguatamente Riscontro DNA: ""lupo"".",8.990082872295481,46.0858403442264
2023-07-18 00:00:00,Brontallo,2691000,1134000,1,pecora,"Animali non protetti adeguatamente Riscontro DNA: ""Non interpretabile""",8.620866524869067,46.35121875809893
2023-07-17 00:00:00,Faido,2702000,1150000,1,capretto,Animali protetti adeguatamente DNA non raccoglibile,8.767266727001061,46.493547280835394
2023-07-12 00:00:00,Roncapiano,2722000,1087000,1,agnello,"Due animali dispersi Animali non proteggibili Riscontro DNA: ""Lupo""",9.01126843209569,45.923595809362745
2023-07-05 00:00:00,Capriasca,2718000,1107000,1,capra,"Due animali dispersi Animali non proteggibili Riscontro DNA: ""Lupo""",8.964735104872162,46.104180860354596
2023-07-04 00:00:00,Capriasca,2726000,1104000,1,capra,"Individuo non protetto adeguatamente Riscontro DNA: ""Volpe""",9.067364649616316,46.075752681395244
2023-07-04 00:00:00,Isone,2724000,1112000,1,capra ferita,"Due animali dispersi Animali non proteggibili Riscontro DNA: ""lupo"".",9.043634713539165,46.14807267716208
2023-07-03 00:00:00,Acquarossa,2712000,1144000,1,capra ferita,"Animali protetti adeguatamente Riscontro DNA: ""Cane""",8.896044010940138,46.437984889849716
2023-06-23 00:00:00,Chironico,2702000,1142000,7,pecore,"Alcuni animali dispersi Animali non protetti adeguatamente Riscontro DNA: ""Canis spp."".",8.765504597143861,46.42159256057348
2023-06-19 00:00:00,Bosco Gurin,2677000,1130000,2,pecore,"Animali non proteggibili Riscontro DNA: ""volpe""",8.438345341690463,46.31699059621774
2023-06-16 00:00:00,Mezzovico,2712000,1106000,1,capra,"Animali non protetti adeguatamente Riscontro DNA: ""volpe""",8.886916642129245,46.09621007733582
2023-06-15 00:00:00,Capriasca,2719000,1109000,1,capra,"Animali non protetti adeguatamente Riscontro DNA: ""non interpretabile""",8.9781723353327,46.12199278552717
2023-06-07 00:00:00,Cimadera,2724000,1104000,4,pecore,"Animali non protetti adeguatamente Riscontro DNA: ""lupo""",9.041519194523637,46.07612323902307
2023-06-07 00:00:00,Capriasca,2719000,1102000,1,agnello in avanzato stato di decomposizione e di una pecora ferita,"Animali non protetti adeguatamente Riscontro DNA: ""ungulato""",8.976397326374475,46.05903609923013
2023-06-03 00:00:00,Ludiano,2714000,1142000,1,pecora,Animali protetti adeguatamente Riscontro DNA: non interpretabile,8.92157107093994,46.41965964884504
2023-05-31 00:00:00,Capriasca,2720000,1105000,1,capra,Animali non protetti adeguatamente Riscontro DNA: lupo,8.990082872295481,46.0858403442264
2023-05-26 00:00:00,Malvaglia,2724000,1144000,1,,,9.052152590790131,46.43587227610134
2023-05-26 00:00:00,Indemini,2708000,1105000,14,pecore,Animali non proteggibili Riscontro DNA: lupo,8.834973641227801,46.08786834582839
2023-05-21 00:00:00,Malvaglia,2724000,1144000,1,pecore,Animali non proteggibili Riscontro DNA: lupo,9.052152590790131,46.43587227610134
2023-05-01 00:00:00,Aquila,2715000,1151000,13,pecore,Animali non protetti adeguatamente Riscontro DNA: lupo,8.936811503878651,46.50043481010036
2023-04-25 12:00:00,Roncapiano,2723000,1086000,1,agnello,Riscontro DNA: campione non interpretabile.,9.023894809114354,45.91442119863567
2023-04-08 00:00:00,Bironico,2715000,1107000,1,lupo,,8.925945603567916,46.10469915040502
2023-03-27 00:00:00,Somazzo,2720000,1082000,6,pecore,Alcuni animali dispersi Animali non protetti adeguatamente Riscontro DNA: lupo,8.984224702328737,45.87898548601192
2023-03-06 00:00:00,Giornico,2710000,1139000,1,cavallo con lievi ferite,Riscontro DNA: cane.,8.868838820089335,46.39334538878442
2023-01-16 00:00:00,Faido,2706000,1147000,1,pecora,Animali non protetti adeguatamente Riscontro DNA: lupo,8.8186719315954,46.46594333704767
2023-01-07 00:00:00,Cademario,2712000,1098000,1,capra,Animali non protetti adeguatamente Riscontro DNA: non interpretabile,8.885009549922286,46.02425819965703
2023-01-05 00:00:00,Lelgio,2719000,1104000,1,capra,Animali non protetti adeguatamente DNA non raccoglibile causa avanzato stato di decomposizione,8.976904056949742,46.0770236926282
2022-11-21 00:00:00,Cevio,2688000,1134000,2,capre,In attesa di riscontro DNA,8.581897696584369,46.351618656583994
2022-11-13 00:00:00,Lavizzara,2687000,1143000,1,capra,in attesa di riscontro DNA,8.570594591498105,46.432701278489525
2022-11-13 00:00:00,Avegno Gordevio,2703000,1120000,1,capra,in attesa di riscontro DNA,8.773641325744162,46.22356451200398
2022-11-13 00:00:00,Capriasca,2719000,1104000,1,pecora,In attesa di riscontro DNA,8.976904056949742,46.0770236926282
2022-11-06 00:00:00,Bironico,2715000,1108000,1,pecora,In attesa di riscontro DNA,8.926190815199297,46.11369308830759
2022-11-06 00:00:00,Lelgio,2718000,1105000,1,capra ferita,In attesa di riscontro DNA,8.964232137927919,46.086193171439064
2022-11-02 00:00:00,Lelgio,2718000,1105000,1,capra,in attesa di riscontro DNA,8.964232137927919,46.086193171439064
2022-11-02 00:00:00,Mergoscia,2708000,1118000,1,pecora,In attesa di riscontro DNA,8.837971309019881,46.20479225318449
2022-11-02 00:00:00,Mezzovico,2713000,1106000,1,capra,In attesa di riscontro DNA,8.899844664555376,46.09604327397905
2022-10-30 00:00:00,Torricella,2713000,1102000,1,capra,Animali non proteggibili In attesa di riscontro DNA,8.898881976651076,46.060067388117304
2022-10-30 00:00:00,Campo (Vallemaggia),2678000,1127000,1,lupo,"Le analisi per determinare età, sesso, individuo, e la possibile causa di morte sono attualmente in corso in collaborazione con l’Istituto per la salute dei pesci e della fauna selvatica (FIWI) di Berna",8.450824692319344,46.289890615756825
2022-10-24 00:00:00,Cerentino,2684000,1128000,2,pecore,Animali non protetti adeguatamente In attesa di riscontro DNA,8.528855437558017,46.29816240943102
2022-10-23 00:00:00,Arosio,2712000,1102000,1,capra,Animali non proteggibili In attesa di riscontro DNA,8.885962472346568,46.060234082662696
2022-10-23 00:00:00,Quinto,2698000,1152000,1,asino,In attesa di riscontro DNA 23 ottobre 2022,8.71559703014808,46.51213347456795
2022-10-15 00:00:00,Camperio,2710000,1155000,1,vitello,Riscontro DNA: lupo,8.872640746877568,46.53725142903195
2022-10-14 00:00:00,Torricella,2713000,1102000,1,capra,Animali non proteggibili In attesa di riscontro DNA,8.898881976651076,46.060067388117304
2022-10-05 00:00:00,Acquarossa,2712000,1145000,2,capre ferite,Animali non protetti adeguatamente In attesa di riscontro DNA,8.896285750897034,46.44697897201104
2022-09-25 00:00:00,Capriasca,2720000,1105000,1,capra ferita,Animali non protetti adeguatamente Riscontro DNA: canide,8.990082872295481,46.0858403442264
2022-09-24 00:00:00,Bosco Gurin,2682000,1129000,1,asino,Riscontro DNA: lupo,8.503077266784812,46.30740419476412
2022-09-24 00:00:00,Aurigeno,2699000,1121000,1,pecora,Animali protetti adeguatamente In attesa di riscontro DNA,8.722018177290156,46.23315928523329
2022-09-24 00:00:00,Maggia,2697000,1123000,1,pecora,Tre animali dispersi Animali non proteggibili Riscontro DNA: lupo,8.69651153480731,46.25143951871222
2022-09-23 00:00:00,Valcolla,2726000,1104000,1,capra,Due animali dispersi Animali non protetti adeguatamente Riscontro DNA: lupo,9.067364649616316,46.075752681395244
2022-09-22 00:00:00,Capriasca,2719000,1106000,1,pecora,Animali non protetti adeguatamente In attesa di riscontro DNA,8.977411119210238,46.095011311917695
2022-09-20 00:00:00,Lavertezzo,2709000,1130000,15,pecore in avanzato stato di decomposizione,Alcuni animali dispersi Animali non proteggibili Riscontro DNA: lupo,8.85372944305986,46.312561042372764
2022-09-17 00:00:00,Isone,2720000,1110000,1,capra,Animali non protetti adeguatamente Riscontro DNA: lupo,8.991362224234118,46.130809321531224
2022-09-16 00:00:00,Bosco Gurin,2679000,1132000,2,pecore,Alcuni animali dispersi Animali non proteggibili Riscontro DNA: lupo,8.464648209110235,46.334748151752834
2022-09-12 00:00:00,Bedretto,2683000,1152000,2,pecore ferite,Proteggibilità non verificabile In attesa di riscontro DNA,8.520171309716458,46.51416130179745
2022-09-11 00:00:00,Capriasca,2719000,1106000,1,capra,Animali non protetti adeguatamente Riscontro DNA: lupo,8.977411119210238,46.095011311917695
2022-09-09 00:00:00,Capriasca,2719000,1106000,1,capra,Animali non proteggibili Riscontro DNA: lupo,8.977411119210238,46.095011311917695
2022-09-07 00:00:00,Capriasca,2719000,1106000,1,pecora,Due pecore disperse Animali non protetti adeguatamente Riscontro DNA: lupo,8.977411119210238,46.095011311917695
2022-09-04 00:00:00,Bosco Gurin,2678000,1130000,1,pecore,Animali non proteggibili Riscontro DNA: lupo,8.451327059566406,46.31687525518812
2022-09-02 00:00:00,Bosco Gurin,2680000,1132000,1,pecora,Alcuni animali dispersi Animali non proteggibili DNA non raccoglibile causa avanzato stato di decomposizione,8.477634115445507,46.334629793293054
2022-08-31 00:00:00,Acquarossa,2710000,1150000,1,vitello,Riscontro DNA: lupo,8.871450483365534,46.49228087880152
2022-08-28 00:00:00,Berneggio,2711000,1159000,1,pecora,Animali non protetti adeguatamente Riscontro DNA: lupo,8.886636488404772,46.57306251868419
2022-08-27 00:00:00,Blenio,2702000,1153000,1,vitello,Riscontro DNA: lupo,8.767928728499454,46.52053024844534
2022-08-27 00:00:00,Bosco Gurin,2678000,1130000,1,capra,Alcuni animali dispersi Animali protetti adeguatamente Riscontro DNA: lupo,8.451327059566406,46.31687525518812
2022-08-22 00:00:00,Carena,2727000,1114000,1,pecora,Animali protetti adeguatamente DNA non raccoglibile,9.082996483712261,46.16550111599887
2022-08-19 00:00:00,Bosco Gurin,2681000,1131000,2,pecore,Animali non proteggibili Riscontro DNA: lupo,8.490445893593689,46.325515120203015
2022-08-18 00:00:00,Capriasca,2724000,1107000,1,vitello,DNA non raccoglibile causa ferite vecchie e cicatrizzate,9.04231186479961,46.103104236223515
2022-08-17 00:00:00,Sfille,2679000,1124000,2,vitelli feriti al muso,Riscontro DNA: lupo.,8.463291601709559,46.26278927608147
2022-08-16 00:00:00,Personico,2710000,1135000,1,carcassa di pecora in avanzato stato di decomposizioni,Alcuni animali dispersi DNA non raccoglibile causa avanzato stato di decomposizione,8.867891473289738,46.35736879589842
2022-08-14 00:00:00,Capriasca,2724000,1107000,1,capra,Alcuni animali dispersi Animali non proteggibili DNA non raccoglibile,9.04231186479961,46.103104236223515
2022-08-13 00:00:00,Quinto,2700000,1153000,6,carcasse di pecora in avanzato stato di decomposizione,Alcuni animali dispersi Animali non proteggibili DNA non raccoglibile causa avanzato stato di decomposizione,8.7418690641216,46.52083205926508
2022-08-11 00:00:00,Iragna,2712000,1112000,3,pecore,Alcune carcasse ritrovate durante i 15 giorni precedenti Alcuni animali dispersi Animali non proteggibili,8.88835024178609,46.15017424775687
2022-08-10 00:00:00,Isone,2722000,1111000,1,carcassa di pecora in avanzato stato di decomposizione,Alcuni animali dispersi Animali non proteggibili DNA non raccoglibile causa avanzato stato di decomposizione,9.017494328963195,46.13944402408217
2022-08-06 00:00:00,Carasso,2720000,1118000,1,carcassa di pecora in avanzato stato di decomposizione,Animali non protetti adeguatamente DNA non raccoglibile causa avanzato stato di decomposizione,8.993413552711285,46.20275994079181
2022-08-01 00:00:00,Sfille,2679000,1123000,3,capre,Alcuni animali dispersi Animali non proteggibili In attesa di riscontro DNA,8.463122276688821,46.25379442494773
2022-07-30 00:00:00,Capriasca,2719000,1106000,1,pecora,Animali non protetti adeguatamente Riscontro DNA: cane,8.977411119210238,46.095011311917695
2022-07-29 00:00:00,Bedretto,2683000,1152000,2,pecore,Alcuni animali dispersi Animali non protetti adeguatamente riscontro DNA: lupo,8.520171309716458,46.51416130179745
2022-07-27 00:00:00,Antabbia,2681000,1138000,7,carcasse di pecora in avanzato stato di decomposizione,Animali non protetti adeguatamente DNA non raccoglibile causa avanzato stato di decomposizione,8.49166559994765,46.38847889860677
2022-07-24 00:00:00,Alpe Nara,2709000,1149000,4,carcasse di pecora in avanzato stato di decomposizione,Animali non proteggibili DNA non raccoglibile causa avanzato stato di decomposizione,8.858192127006228,46.4834502587039
2022-07-23 00:00:00,Quinto,2700000,1153000,13,carcasse di pecora in avanzato stato di decomposizione,Alcuni animali dispersi Animali non proteggibili DNA non raccoglibile causa avanzato stato di decomposizione,8.7418690641216,46.52083205926508
2022-07-21 00:00:00,Sfille,2679000,1124000,3,capre,Animali non proteggibili riscontro DNA: lupo,8.463291601709559,46.26278927608147
2022-07-18 00:00:00,Antabbia,2681000,1139000,7,carcasse di pecora in avanzato stato di decomposizione,Animali non protetti adeguatamente DNA non raccoglibile causa avanzato stato di decomposizione,8.491840073647857,46.397473722895725
2022-07-17 00:00:00,Valcolla,2726000,1001044,1,capra,Alcuni animali dispersi Animali non protetti adeguatamente riscontro DNA: lupo,9.040192671122764,45.14988220292936
2022-07-14 00:00:00,Alpe Nara,2709000,1150000,2,carcasse di pecora in avanzato stato di decomposizione,Un capo disperso Animali non proteggibili DNA non raccoglibile causa avanzato stato di decomposizione,8.858427781713987,46.49244440736711
2022-07-12 00:00:00,Antabbia,2680000,1138000,3,pecore,Alcuni animali dispersi Alcune carcasse in avanzato stato di decomposizione Animali non protetti adeguatamente,8.478666834944857,46.38859886483075
2022-07-09 00:00:00,Antabbia,2680000,1138000,4,pecore,Alcuni animali dispersi Alcune carcasse in avanzato stato di decomposizione Animali non protetti adeguatamente,8.478666834944857,46.38859886483075
2022-07-03 00:00:00,Alpe Nara,2709000,1149000,2,pecore,Alcuni animali dispersi Animali non proteggibili riscontro DNA: lupo,8.858192127006228,46.4834502587039
2022-07-02 00:00:00,Rompiago,2720000,1105000,2,capre ferite,Alcuni animali dispersi Animali non protetti adeguatamente riscontro DNA: lupo,8.990082872295481,46.0858403442264
2022-06-30 00:00:00,Sagno,2724000,1792000,1,pecora ferita,Animali non protetti adeguatamente riscontro DNA: non interpretabile,9.246705615684494,52.25330899951582
2022-06-25 00:00:00,Olivone,2713000,1156000,1,pecora,Animali non protetti adeguatamente riscontro DNA: volpe,8.911985621205712,46.54574548445702
2022-06-24 00:00:00,Gorduno,2717000,1120000,1,pecora,Animali non proteggibili riscontro DNA: cane,8.955054917794579,46.221275943544576
2022-06-11 00:00:00,Certara,2726000,1103000,1,capra,Animali non protetti adeguatamente Riscontro DNA: lupo,9.067096341864515,46.06675908865448
2022-06-03 00:00:00,Bosco Gurin,2680000,1131000,21,pecore,Al momento dell'attacco animali non proteggibili Riscontro DNA: lupo,8.47746219397383,46.325634948816734
2022-06-02 00:00:00,Carasso,2720000,1118000,1,pecora,Al momento dell’attacco animali non protetti adeguatamente Riscontro DNA: non interpretabile.,8.993413552711285,46.20275994079181
2022-06-02 00:00:00,Sorsello,2707000,1147000,1,pecora,Al momento dell'attacco animali non protetti,8.831688381486867,46.46578436823785
2022-05-31 00:00:00,Sorsello,2707000,1147000,4,pecore,Al momento dell'attacco animali non protetti,8.831688381486867,46.46578436823785
2022-05-17 07:20:00,Corippo,2707000,1121000,1,pecora,Al momento dell’attacco animali non protetti adeguatamente,8.825704443860001,46.23193457378301
2022-04-26 00:00:00,Piedipiodi/Cerentino,2684000,1128000,19,pecore,Al momento dell'attacco animali non proteggibili,8.528855437558017,46.29816240943102
2022-04-19 00:00:00,Solgone/Pontirone,2720000,1139000,1,capra,Al momento dell'attacco animali non protetti,8.998824017590394,46.39163104951765
2022-04-12 00:00:00,Novazzano,2719000,1077000,13,pecore,Al momento dell'attacco animali non protetti adeguatamente,8.97009102780389,45.834194088072486
2022-04-11 00:00:00,Vellano/Morobbia,2725000,1114000,1,pecora,Al momento dell'attacco animali non protetti adeguatamente,9.057108555892176,46.16587524846765
2022-03-30 00:00:00,Piedipiode/Cerentino,2684000,1128000,4,pecore,Al momento dell'attacco animali non protetti adeguatamente,8.528855437558017,46.29816240943102
2021-11-10 00:00:00,Piandios/Acquarossa,2711000,1148000,4,capre,Al momento dell’attacco animali non protetti,8.88399322932781,46.474127663750494
2021-10-27 00:00:00,Monte Cregua/Malvaglia,2723000,1144000,1,pecora,Al momento dell’attacco animali non protetti,9.03914401162497,46.436056533825955
2021-08-17 13:00:00,Alpe Scaradra/Blenio,2719000,1157000,1,pecora,Al momento dell'attacco animali non protetti,8.990454449164758,46.55369887089682
2021-08-16 00:00:00,Alpe di Pesciora/Alpe di Cavanna/Lago Sabbioni/Bedretto,2681000,1152000,8,,Al momento degli attacchi animali protetti,8.494113483687649,46.514406270631085
2021-07-06 00:00:00,Alpe Rideigra/Blenio,2709000,1152000,4,capre,Al momento dell'attacco animali non protetti,8.858899325086336,46.51043269364358
2021-07-03 00:00:00,Berneggio/Blenio,2713000,1159000,8,pecore,Attacco in due momenti: prima fase animali non proteggibili (2) e in seguito animali protetti (6),8.912720469455554,46.57272749721087
2021-06-23 00:00:00,Somprei/Osco,2702000,1151000,1,pecora,Al momento dell’attacco animali non protetti,8.767487321145294,46.502541607216365
2021-01-12 00:00:00,"Curtina/Val Colla, Lugano",2722000,1105000,4,capre,Al momento dell’attacco animali non protetti,9.015933272004048,46.08548158657252
2020-11-22 00:00:00,Monte Bar/Capriasca,2725000,1111000,1,capra,Al momento dell'attacco animali non protetti,9.056307661352841,46.13889423013874
2020-11-06 00:00:00,Pizzit/Avegno-Gordevio,2703000,1121000,5,capre,Al momento dell'attacco animali non protetti,8.77386189037773,46.23255882377604
2020-11-05 00:00:00,Monte Bar/Capriasca,2725000,1111000,1,capra,Al momento dell'attacco animali non protetti,9.056307661352841,46.13889423013874
2020-10-29 00:00:00,Madone/Mergoscia,2705000,1119000,2,capre,Al momento dell'attacco animali non protetti,8.799333693696731,46.214261152933176
2020-10-04 00:00:00,Monte Bar/Capriasca,2725000,1111000,8,capre,Al momento dell'attacco animali non protetti,9.056307661352841,46.13889423013874
2020-09-08 00:00:00,Spruga/Onsernone,2686000,1119000,4,capre,Al momento dell'attacco animali non protetti,8.553150398137419,46.2169570820541
2020-08-23 00:00:00,Caneggio/Medeglia,2725000,1111000,2,pecore,Al momento dell'attacco animali non protetti,9.056307661352841,46.13889423013874
2020-08-17 00:00:00,Sassera/Capriasca,2719000,1104000,1,capra,Al momento dell'attacco animali non protetti,8.976904056949742,46.0770236926282
2020-08-12 00:00:00,Cogn di Lavazz/Aquila,2715000,1163000,1,pecora,Al momento dell'attacco animali non protetti,8.93980241922087,46.60836220445749
2020-08-09 00:00:00,Furcla sura da Lavazz/Aquila,2715000,1164000,1,pecora,Al momento dell'attacco animali non protetti,8.9400521997075,46.61735611675404
2020-07-27 00:00:00,Cogn di Lavazz/Aquila,2715000,1163000,5,,,8.93980241922087,46.60836220445749
2020-07-23 00:00:00,Cogn di Lavazz/Aquila,2715000,1163000,9,pecore,Al momento dell'attacco animali non protetti,8.93980241922087,46.60836220445749
2020-07-22 00:00:00,Monte Bar/Capriasca,2720000,1106000,1,capra,Al momento dell'attacco animali non protetti,8.990338575164305,46.09483412808788
2020-07-19 00:00:00,Monte Bar/Capriasca,2720000,1106000,1,capra,Al momento dell'attacco animali non protetti,8.990338575164305,46.09483412808788
2020-07-03 00:00:00,Monte Bar/Capriasca,2720000,1106000,2,capre,Al momento dell'attacco animali non protetti,8.990338575164305,46.09483412808788
2020-06-08 00:00:00,Alpe Alzasca/Someo,2688000,1125000,4,pecore,Al momento dell'attacco animali non protetti,8.580196726256261,46.27066655411931
2020-04-28 00:00:00,Monti di Lopagno/Capriasca,2719000,1104000,2,capre,Al momento dell'attacco animali non protetti,8.976904056949742,46.0770236926282
2020-04-23 00:00:00,Prevesigo/Lavertezzo,2708000,1123000,1,pecora,Al momento dell'attacco animali non protetti,8.839127666818241,46.2497631697187
2020-04-12 00:00:00,Bolasctro/Brione Verzasca,2702000,1128000,3,pecore,Al momento dell'attacco animali non protetti,8.762432042883884,46.295671593960094
2020-04-12 00:00:00,Monti di Sementina/Sementina,2718000,1116000,4,pecore,Al momento dell'attacco animali non protetti,8.967002538583156,46.185125722945955
2019-08-22 00:00:00,Pian Bornengo/Airolo,2694000,1158000,7,pecore,Al momento dell'attacco animali non protetti,8.664706510657878,46.566674109066035
2019-08-13 00:00:00,Pian Bornengo/Airolo,2694000,1158000,13,pecore,Al momento dell'attacco animali non protetti,8.664706510657878,46.566674109066035
2019-08-11 00:00:00,Quartina/Airolo,2694000,1158000,12,pecore,Al momento dell'attacco animali non protetti,8.664706510657878,46.566674109066035
2019-07-30 00:00:00,Grasso della Froda/Airolo,2694000,1157000,9,pecore,Al momento dell'attacco animali non protetti,8.664502748394012,46.557679620778195
2019-07-14 12:00:01,Traversa di Cavanna/Bedretto,2682000,1152000,3,pecore,,8.507142426065572,46.514284533548484
2019-07-06 12:12:01,Alpe Pesciora/Bedretto,2681000,1151000,3,pecore,,8.493938258854142,46.505411476091076
2018-12-10 10:16:01,Monte Mondada/Spruga-Onsernone,2686000,1117000,1,capra,,8.552782392724554,46.1989676943027
2018-12-05 16:59:01,Torbeccio/Avegno-Gordevio,2700000,1119000,3,pecore,,8.734551002124533,46.21502263159808
2018-11-19 16:00:01,Reviscai/Gordola,2710000,1113000,5,pecore,,8.862703302589198,46.15949782828739
2018-11-18 16:00:01,Locarno/Marcio,2712000,1113000,4,pecore,,8.888589449212176,46.159168294136514
2018-08-22 08:10:01,Lucendro,2683000,1157000,3,pecore,,8.52106996885547,46.55913501096541
2017-07-03 07:54:01,Quinto/Cascina Rosserrora,2696000,1150000,1,capra,,8.689125825121785,46.49443433962552
2017-02-05 15:35:01,Cavagnago,2710000,1141000,9,pecore,,8.869312962473758,46.41133367899554
2017-01-28 15:33:01,Capinengo,2707000,1147000,14,pecore,,8.831688381486867,46.46578436823785
2017-01-25 00:00:01,Sorsello,2707000,1147000,3,pecore,,8.831688381486867,46.46578436823785
2016-09-15 00:00:01,Val Colla,2724000,1107000,1,capra,,9.04231186479961,46.103104236223515
2016-03-15 00:00:01,Cavergno,2690000,1133000,1,pecora,,8.607683430852703,46.34235890982587
2016-01-18 13:18:01,Capriasca,2719000,1106000,1,pecore,,8.977411119210238,46.095011311917695
2016-01-14 13:20:01,Monte Carasso,2720000,1117000,1,capra,,8.993156842161682,46.19376609927927
2015-12-03 13:38:01,Olivone,2714000,1153000,5,pecore,,8.924280374558274,46.51859383985108
2015-11-30 11:40:01,Sementina,2718000,1116000,3,pecore,,8.967002538583156,46.185125722945955
2015-11-23 11:43:01,Capriasca,2721000,1107000,5,capre,,9.003523864890964,46.103649222127935
2015-09-06 11:46:01,Isone,2725000,1110000,2,capre,,9.056040871458125,46.129900566799776
2015-08-28 11:47:01,S. Antonio,2728000,1111000,23,,,9.09512020675646,46.13833108048848
2015-05-21 08:00:01,Malvaglia,2722000,1144000,3,pecore,,9.026135344785535,46.436239299508436
2015-05-10 08:00:01,Marolta,2713000,1148000,2,capre,,8.910029591191387,46.47379324787373
2015-05-01 11:34:01,Malvaglia,2721000,1143000,2,capre,,9.012865516469203,46.42742674550165
2015-04-25 07:19:01,Malvaglia,2722000,1143000,3,pecore,,9.025872113355838,46.42724550164291
2015-02-09 13:00:01,Brione S. Minusio,2707000,1116000,3,pecore,,8.824559544765565,46.18696355809707
2014-12-17 16:22:01,Campo Valle Maggia,2680000,1127000,5,capre,,8.47677507389094,46.28965558124416
2013-12-18 11:10:01,Cerentino,2684000,1128000,2,capre,,8.528855437558017,46.29816240943102
2013-12-12 11:14:01,Cerentino,2684000,1128000,1,pecora,,8.528855437558017,46.29816240943102
2013-12-05 08:38:01,Brontallo,2691000,1113000,1,agnello,,8.616770330140996,46.16233218161161
2013-12-04 08:36:01,Broglio,2693000,1137000,2,pecore,,8.647445822479616,46.37792842058818
2013-11-30 08:35:01,Cerentino,2684000,1128000,7,agnelli,,8.528855437558017,46.29816240943102
2013-11-25 08:33:01,Magadino,2711000,1112000,1,agnelli,,8.875409342855338,46.15033973014998
2013-11-16 00:00:01,Maggia,2690000,1127000,3,capre,,8.606523479703316,46.28839109637227
2012-09-05 07:31:01,Leontica,2712000,1144000,5,capre,,8.896044010940138,46.437984889849716
2012-04-23 10:20:01,Faido,2707000,1147000,5,pecore,,8.831688381486867,46.46578436823785
2012-04-23 09:38:01,Cavagnago,2719000,1140000,3,pecore,,8.986082291667383,46.400803086398916
2012-03-02 15:20:01,Cavagnago,2710000,1141000,1,pecora,,8.869312962473758,46.41133367899554
2011-10-26 15:27:01,Osco,2702000,1151000,1,capra,,8.767487321145294,46.502541607216365
2011-04-25 15:37:01,Cerentino,2684000,1128000,16,,,8.528855437558017,46.29816240943102
2011-02-09 15:40:01,Faido,2707000,1147000,1,agnello,,8.831688381486867,46.46578436823785
2011-02-04 15:42:01,Cavagnago,2710000,1141000,1,pecora,,8.869312962473758,46.41133367899554
2010-07-07 15:57:01,Arbedo,2730000,1116000,1,capra,,9.122383438798426,46.182915839970086
2010-04-13 15:59:01,Cavagnago,2710000,1141000,2,pecore,,8.869312962473758,46.41133367899554
2010-03-09 16:01:01,Cavagnago,2710000,1141000,1,pecora,,8.869312962473758,46.41133367899554
2010-02-11 16:02:01,Cavagnago,2710000,1141000,1,pecora,,8.869312962473758,46.41133367899554
2008-08-26 16:10:01,Bedretto,2682000,1153000,2,pecore,,8.507319873906983,46.523279304231195
2008-08-18 16:15:01,Bedretto,2682000,1153000,2,pecore,,8.507319873906983,46.523279304231195
2008-05-08 16:16:01,Sonogno,2704000,1134000,1,capra,,8.789724492848524,46.349330895825986
2008-05-06 16:18:01,Sonogno,2704000,1135000,3,capre,,8.789948227235318,46.35832520215615
2008-04-19 16:19:01,Brione Verzasca,2704000,1128000,1,pecora,,8.788383633206776,46.29536506498213
2007-12-29 16:23:01,Cavagnago,2710000,1141000,1,lupo di origine italiana,,8.869312962473758,46.41133367899554
2007-09-30 16:25:01,Quinto,2698000,1150000,1,,,8.715173074746168,46.494144629117464
2007-08-24 16:26:01,Bedretto,2682000,1153000,3,lupo di origine italiana,,8.507319873906983,46.523279304231195
2007-04-18 16:28:01,Cavagnago,2710000,1141000,1,lupo di origine italiana,,8.869312962473758,46.41133367899554
2006-08-21 16:29:01,Bedretto,2682000,1153000,1,agnelli,,8.507319873906983,46.523279304231195
2005-07-18 16:37:01,Bedretto,2683000,1152000,1,agnelli,,8.520171309716458,46.51416130179745
2005-05-10 16:38:01,Osco,2703000,1150000,2,agnello,,8.780289959436319,46.49339420900977
2005-05-02 16:38:01,Osco,2703000,1151000,5,agnelli,,8.78051271635652,46.502388510223504
2005-04-23 16:39:01,Rossura,2707000,1147000,1,capretto,,8.831688381486867,46.46578436823785
2005-04-06 16:40:01,Rossura,2706000,1148000,1,pecora,,8.818900949240591,46.47493757137312
2005-01-29 16:47:01,Quinto,2697000,1152000,2,agnelli,,8.702569113355505,46.512279124690934
2004-12-07 16:50:01,Dalpe,2704000,1147000,1,,,8.792638805436171,46.46625679539801
2004-09-29 16:53:01,Airolo,2686000,1154000,1,pecora uccisa,,8.559629877753395,46.53177201084726
2004-09-19 16:54:01,Quinto,2695000,1149000,1,capre ferite,,8.675896711329694,46.48558245474818
2004-09-15 16:56:01,Quinto,2695000,1149000,2,capre uccise,,8.675896711329694,46.48558245474818
2004-09-08 16:57:01,Bedretto,2683000,1153000,2,pecore ferite,,8.520350922521697,46.523156052212386
2004-08-10 16:57:01,Bedretto,2681000,1151000,5,capre ferite,,8.493938258854142,46.505411476091076
2004-08-08 16:58:01,Quinto,2697000,1150000,1,capra ferita,,8.702149484629436,46.494290231353844
2004-07-19 16:59:01,Bedretto,2683000,1152000,4,pecore uccise,,8.520171309716458,46.51416130179745
2004-07-02 17:01:01,Prato Leventina,2697000,1148000,1,capra ferita,,8.701730133466697,46.476301323980174
2004-05-12 17:02:01,Rossura,2707000,1147000,1,capra uccisa,,8.831688381486867,46.46578436823785
2004-05-11 17:03:01,Chironico,2705000,1146000,1,capra uccisa,,8.80542862384999,46.457106549658036
2004-05-08 17:04:01,Rossura,2706000,1148000,1,pecora uccisa,,8.818900949240591,46.47493757137312
2004-03-19 17:04:01,Quinto,2697000,1152000,2,pecore uccise,,8.702569113355505,46.512279124690934
2004-01-27 17:05:01,Osco,2703000,1150000,1,capra uccisa,,8.780289959436319,46.49339420900977
2003-12-18 17:07:01,Osco,2703000,1150000,5,capre uccise,,8.780289959436319,46.49339420900977
2003-12-16 17:08:01,Osco,2703000,1150000,1,capra uccisa,,8.780289959436319,46.49339420900977
2001-01-10 17:09:01,Monte Carasso,2718000,1117000,4,capre uccise,,8.967254888967648,46.19411961865533
